cliente,producto,cantidad,fecha
Land of Toys Inc.,Motorcycles,4,03/07/2023
Land of Toys Inc.,Motorcycles,42,10/07/2023
Land of Toys Inc.,Motorcycles,11,17/07/2023
Land of Toys Inc.,Motorcycles,27,24/07/2023
Land of Toys Inc.,Motorcycles,40,31/07/2023
Land of Toys Inc.,Motorcycles,45,07/08/2023
Land of Toys Inc.,Motorcycles,15,14/08/2023
Land of Toys Inc.,Motorcycles,48,21/08/2023
Land of Toys Inc.,Motorcycles,15,28/08/2023
Land of Toys Inc.,Motorcycles,21,04/09/2023
Land of Toys Inc.,Motorcycles,12,11/09/2023
Land of Toys Inc.,Motorcycles,45,18/09/2023
Land of Toys Inc.,Motorcycles,27,25/09/2023
Land of Toys Inc.,Motorcycles,12,02/10/2023
Land of Toys Inc.,Motorcycles,30,09/10/2023
Land of Toys Inc.,Motorcycles,10,16/10/2023
Land of Toys Inc.,Motorcycles,18,23/10/2023
Land of Toys Inc.,Motorcycles,30,30/10/2023
Land of Toys Inc.,Motorcycles,38,06/11/2023
Land of Toys Inc.,Motorcycles,3,13/11/2023
Land of Toys Inc.,Motorcycles,47,20/11/2023
Land of Toys Inc.,Motorcycles,33,27/11/2023
Land of Toys Inc.,Motorcycles,27,04/12/2023
Land of Toys Inc.,Motorcycles,21,11/12/2023
Land of Toys Inc.,Motorcycles,48,18/12/2023
Land of Toys Inc.,Motorcycles,1,25/12/2023
Land of Toys Inc.,Motorcycles,38,01/01/2024
Land of Toys Inc.,Motorcycles,48,08/01/2024
Land of Toys Inc.,Motorcycles,19,15/01/2024
Land of Toys Inc.,Motorcycles,2,22/01/2024
Land of Toys Inc.,Motorcycles,38,29/01/2024
Land of Toys Inc.,Motorcycles,44,05/02/2024
Land of Toys Inc.,Motorcycles,46,12/02/2024
Land of Toys Inc.,Motorcycles,42,19/02/2024
Land of Toys Inc.,Motorcycles,37,26/02/2024
Land of Toys Inc.,Motorcycles,20,04/03/2024
Land of Toys Inc.,Motorcycles,30,11/03/2024
Land of Toys Inc.,Motorcycles,5,18/03/2024
Land of Toys Inc.,Motorcycles,16,25/03/2024
Land of Toys Inc.,Motorcycles,7,01/04/2024
Land of Toys Inc.,Motorcycles,14,08/04/2024
Land of Toys Inc.,Motorcycles,14,15/04/2024
Land of Toys Inc.,Motorcycles,12,22/04/2024
Land of Toys Inc.,Motorcycles,20,29/04/2024
Land of Toys Inc.,Motorcycles,36,06/05/2024
Land of Toys Inc.,Motorcycles,38,13/05/2024
Land of Toys Inc.,Motorcycles,46,20/05/2024
Land of Toys Inc.,Motorcycles,40,27/05/2024
Land of Toys Inc.,Motorcycles,26,03/06/2024
Land of Toys Inc.,Motorcycles,33,10/06/2024
Land of Toys Inc.,Motorcycles,9,17/06/2024
Land of Toys Inc.,Motorcycles,15,24/06/2024
Land of Toys Inc.,Motorcycles,50,01/07/2024
Land of Toys Inc.,Motorcycles,36,08/07/2024
Land of Toys Inc.,Motorcycles,6,15/07/2024
Land of Toys Inc.,Motorcycles,45,22/07/2024
Land of Toys Inc.,Motorcycles,38,29/07/2024
Land of Toys Inc.,Motorcycles,25,05/08/2024
Land of Toys Inc.,Motorcycles,44,12/08/2024
Land of Toys Inc.,Motorcycles,20,19/08/2024
Land of Toys Inc.,Motorcycles,34,26/08/2024
Land of Toys Inc.,Motorcycles,2,02/09/2024
Land of Toys Inc.,Motorcycles,4,09/09/2024
Land of Toys Inc.,Motorcycles,6,16/09/2024
Land of Toys Inc.,Motorcycles,29,23/09/2024
Land of Toys Inc.,Motorcycles,33,30/09/2024
Land of Toys Inc.,Motorcycles,34,07/10/2024
Land of Toys Inc.,Motorcycles,42,14/10/2024
Land of Toys Inc.,Motorcycles,44,21/10/2024
Land of Toys Inc.,Motorcycles,4,28/10/2024
Land of Toys Inc.,Motorcycles,19,04/11/2024
Land of Toys Inc.,Motorcycles,14,11/11/2024
Land of Toys Inc.,Motorcycles,2,18/11/2024
Land of Toys Inc.,Motorcycles,35,25/11/2024
Land of Toys Inc.,Motorcycles,38,02/12/2024
Land of Toys Inc.,Motorcycles,25,09/12/2024
Land of Toys Inc.,Motorcycles,18,16/12/2024
Land of Toys Inc.,Motorcycles,2,23/12/2024
Land of Toys Inc.,Motorcycles,5,30/12/2024
Land of Toys Inc.,Classic Cars,24,03/07/2023
Land of Toys Inc.,Classic Cars,46,10/07/2023
Land of Toys Inc.,Classic Cars,32,17/07/2023
Land of Toys Inc.,Classic Cars,41,24/07/2023
Land of Toys Inc.,Classic Cars,9,31/07/2023
Land of Toys Inc.,Classic Cars,48,07/08/2023
Land of Toys Inc.,Classic Cars,2,14/08/2023
Land of Toys Inc.,Classic Cars,24,21/08/2023
Land of Toys Inc.,Classic Cars,20,28/08/2023
Land of Toys Inc.,Classic Cars,14,04/09/2023
Land of Toys Inc.,Classic Cars,44,11/09/2023
Land of Toys Inc.,Classic Cars,15,18/09/2023
Land of Toys Inc.,Classic Cars,12,25/09/2023
Land of Toys Inc.,Classic Cars,9,02/10/2023
Land of Toys Inc.,Classic Cars,38,09/10/2023
Land of Toys Inc.,Classic Cars,34,16/10/2023
Land of Toys Inc.,Classic Cars,14,23/10/2023
Land of Toys Inc.,Classic Cars,30,30/10/2023
Land of Toys Inc.,Classic Cars,29,06/11/2023
Land of Toys Inc.,Classic Cars,16,13/11/2023
Land of Toys Inc.,Classic Cars,48,20/11/2023
Land of Toys Inc.,Classic Cars,7,27/11/2023
Land of Toys Inc.,Classic Cars,32,04/12/2023
Land of Toys Inc.,Classic Cars,6,11/12/2023
Land of Toys Inc.,Classic Cars,13,18/12/2023
Land of Toys Inc.,Classic Cars,36,25/12/2023
Land of Toys Inc.,Classic Cars,18,01/01/2024
Land of Toys Inc.,Classic Cars,31,08/01/2024
Land of Toys Inc.,Classic Cars,29,15/01/2024
Land of Toys Inc.,Classic Cars,11,22/01/2024
Land of Toys Inc.,Classic Cars,40,29/01/2024
Land of Toys Inc.,Classic Cars,12,05/02/2024
Land of Toys Inc.,Classic Cars,3,12/02/2024
Land of Toys Inc.,Classic Cars,30,19/02/2024
Land of Toys Inc.,Classic Cars,21,26/02/2024
Land of Toys Inc.,Classic Cars,31,04/03/2024
Land of Toys Inc.,Classic Cars,45,11/03/2024
Land of Toys Inc.,Classic Cars,43,18/03/2024
Land of Toys Inc.,Classic Cars,36,25/03/2024
Land of Toys Inc.,Classic Cars,4,01/04/2024
Land of Toys Inc.,Classic Cars,1,08/04/2024
Land of Toys Inc.,Classic Cars,2,15/04/2024
Land of Toys Inc.,Classic Cars,41,22/04/2024
Land of Toys Inc.,Classic Cars,41,29/04/2024
Land of Toys Inc.,Classic Cars,22,06/05/2024
Land of Toys Inc.,Classic Cars,47,13/05/2024
Land of Toys Inc.,Classic Cars,38,20/05/2024
Land of Toys Inc.,Classic Cars,28,27/05/2024
Land of Toys Inc.,Classic Cars,46,03/06/2024
Land of Toys Inc.,Classic Cars,10,10/06/2024
Land of Toys Inc.,Classic Cars,15,17/06/2024
Land of Toys Inc.,Classic Cars,14,24/06/2024
Land of Toys Inc.,Classic Cars,27,01/07/2024
Land of Toys Inc.,Classic Cars,19,08/07/2024
Land of Toys Inc.,Classic Cars,32,15/07/2024
Land of Toys Inc.,Classic Cars,32,22/07/2024
Land of Toys Inc.,Classic Cars,40,29/07/2024
Land of Toys Inc.,Classic Cars,42,05/08/2024
Land of Toys Inc.,Classic Cars,15,12/08/2024
Land of Toys Inc.,Classic Cars,47,19/08/2024
Land of Toys Inc.,Classic Cars,33,26/08/2024
Land of Toys Inc.,Classic Cars,21,02/09/2024
Land of Toys Inc.,Classic Cars,11,09/09/2024
Land of Toys Inc.,Classic Cars,16,16/09/2024
Land of Toys Inc.,Classic Cars,5,23/09/2024
Land of Toys Inc.,Classic Cars,44,30/09/2024
Land of Toys Inc.,Classic Cars,34,07/10/2024
Land of Toys Inc.,Classic Cars,49,14/10/2024
Land of Toys Inc.,Classic Cars,48,21/10/2024
Land of Toys Inc.,Classic Cars,16,28/10/2024
Land of Toys Inc.,Classic Cars,22,04/11/2024
Land of Toys Inc.,Classic Cars,12,11/11/2024
Land of Toys Inc.,Classic Cars,11,18/11/2024
Land of Toys Inc.,Classic Cars,44,25/11/2024
Land of Toys Inc.,Classic Cars,25,02/12/2024
Land of Toys Inc.,Classic Cars,38,09/12/2024
Land of Toys Inc.,Classic Cars,6,16/12/2024
Land of Toys Inc.,Classic Cars,49,23/12/2024
Land of Toys Inc.,Classic Cars,9,30/12/2024
Land of Toys Inc.,Trucks and Buses,40,03/07/2023
Land of Toys Inc.,Trucks and Buses,16,10/07/2023
Land of Toys Inc.,Trucks and Buses,36,17/07/2023
Land of Toys Inc.,Trucks and Buses,9,24/07/2023
Land of Toys Inc.,Trucks and Buses,3,31/07/2023
Land of Toys Inc.,Trucks and Buses,20,07/08/2023
Land of Toys Inc.,Trucks and Buses,32,14/08/2023
Land of Toys Inc.,Trucks and Buses,4,21/08/2023
Land of Toys Inc.,Trucks and Buses,28,28/08/2023
Land of Toys Inc.,Trucks and Buses,43,04/09/2023
Land of Toys Inc.,Trucks and Buses,8,11/09/2023
Land of Toys Inc.,Trucks and Buses,2,18/09/2023
Land of Toys Inc.,Trucks and Buses,27,25/09/2023
Land of Toys Inc.,Trucks and Buses,42,02/10/2023
Land of Toys Inc.,Trucks and Buses,26,09/10/2023
Land of Toys Inc.,Trucks and Buses,36,16/10/2023
Land of Toys Inc.,Trucks and Buses,10,23/10/2023
Land of Toys Inc.,Trucks and Buses,7,30/10/2023
Land of Toys Inc.,Trucks and Buses,6,06/11/2023
Land of Toys Inc.,Trucks and Buses,14,13/11/2023
Land of Toys Inc.,Trucks and Buses,49,20/11/2023
Land of Toys Inc.,Trucks and Buses,15,27/11/2023
Land of Toys Inc.,Trucks and Buses,43,04/12/2023
Land of Toys Inc.,Trucks and Buses,32,11/12/2023
Land of Toys Inc.,Trucks and Buses,38,18/12/2023
Land of Toys Inc.,Trucks and Buses,24,25/12/2023
Land of Toys Inc.,Trucks and Buses,8,01/01/2024
Land of Toys Inc.,Trucks and Buses,38,08/01/2024
Land of Toys Inc.,Trucks and Buses,1,15/01/2024
Land of Toys Inc.,Trucks and Buses,49,22/01/2024
Land of Toys Inc.,Trucks and Buses,17,29/01/2024
Land of Toys Inc.,Trucks and Buses,38,05/02/2024
Land of Toys Inc.,Trucks and Buses,22,12/02/2024
Land of Toys Inc.,Trucks and Buses,36,19/02/2024
Land of Toys Inc.,Trucks and Buses,21,26/02/2024
Land of Toys Inc.,Trucks and Buses,11,04/03/2024
Land of Toys Inc.,Trucks and Buses,11,11/03/2024
Land of Toys Inc.,Trucks and Buses,5,18/03/2024
Land of Toys Inc.,Trucks and Buses,20,25/03/2024
Land of Toys Inc.,Trucks and Buses,21,01/04/2024
Land of Toys Inc.,Trucks and Buses,14,08/04/2024
Land of Toys Inc.,Trucks and Buses,37,15/04/2024
Land of Toys Inc.,Trucks and Buses,1,22/04/2024
Land of Toys Inc.,Trucks and Buses,7,29/04/2024
Land of Toys Inc.,Trucks and Buses,42,06/05/2024
Land of Toys Inc.,Trucks and Buses,15,13/05/2024
Land of Toys Inc.,Trucks and Buses,5,20/05/2024
Land of Toys Inc.,Trucks and Buses,40,27/05/2024
Land of Toys Inc.,Trucks and Buses,38,03/06/2024
Land of Toys Inc.,Trucks and Buses,43,10/06/2024
Land of Toys Inc.,Trucks and Buses,43,17/06/2024
Land of Toys Inc.,Trucks and Buses,43,24/06/2024
Land of Toys Inc.,Trucks and Buses,43,01/07/2024
Land of Toys Inc.,Trucks and Buses,18,08/07/2024
Land of Toys Inc.,Trucks and Buses,46,15/07/2024
Land of Toys Inc.,Trucks and Buses,24,22/07/2024
Land of Toys Inc.,Trucks and Buses,30,29/07/2024
Land of Toys Inc.,Trucks and Buses,30,05/08/2024
Land of Toys Inc.,Trucks and Buses,43,12/08/2024
Land of Toys Inc.,Trucks and Buses,40,19/08/2024
Land of Toys Inc.,Trucks and Buses,19,26/08/2024
Land of Toys Inc.,Trucks and Buses,50,02/09/2024
Land of Toys Inc.,Trucks and Buses,9,09/09/2024
Land of Toys Inc.,Trucks and Buses,3,16/09/2024
Land of Toys Inc.,Trucks and Buses,33,23/09/2024
Land of Toys Inc.,Trucks and Buses,2,30/09/2024
Land of Toys Inc.,Trucks and Buses,1,07/10/2024
Land of Toys Inc.,Trucks and Buses,41,14/10/2024
Land of Toys Inc.,Trucks and Buses,49,21/10/2024
Land of Toys Inc.,Trucks and Buses,9,28/10/2024
Land of Toys Inc.,Trucks and Buses,11,04/11/2024
Land of Toys Inc.,Trucks and Buses,17,11/11/2024
Land of Toys Inc.,Trucks and Buses,44,18/11/2024
Land of Toys Inc.,Trucks and Buses,23,25/11/2024
Land of Toys Inc.,Trucks and Buses,42,02/12/2024
Land of Toys Inc.,Trucks and Buses,36,09/12/2024
Land of Toys Inc.,Trucks and Buses,30,16/12/2024
Land of Toys Inc.,Trucks and Buses,46,23/12/2024
Land of Toys Inc.,Trucks and Buses,34,30/12/2024
Land of Toys Inc.,Trucks and Buses,29,03/07/2023
Land of Toys Inc.,Trucks and Buses,16,10/07/2023
Land of Toys Inc.,Trucks and Buses,19,17/07/2023
Land of Toys Inc.,Trucks and Buses,45,24/07/2023
Land of Toys Inc.,Trucks and Buses,43,31/07/2023
Land of Toys Inc.,Trucks and Buses,17,07/08/2023
Land of Toys Inc.,Trucks and Buses,34,14/08/2023
Land of Toys Inc.,Trucks and Buses,2,21/08/2023
Land of Toys Inc.,Trucks and Buses,37,28/08/2023
Land of Toys Inc.,Trucks and Buses,1,04/09/2023
Land of Toys Inc.,Trucks and Buses,32,11/09/2023
Land of Toys Inc.,Trucks and Buses,9,18/09/2023
Land of Toys Inc.,Trucks and Buses,30,25/09/2023
Land of Toys Inc.,Trucks and Buses,38,02/10/2023
Land of Toys Inc.,Trucks and Buses,12,09/10/2023
Land of Toys Inc.,Trucks and Buses,10,16/10/2023
Land of Toys Inc.,Trucks and Buses,15,23/10/2023
Land of Toys Inc.,Trucks and Buses,10,30/10/2023
Land of Toys Inc.,Trucks and Buses,13,06/11/2023
Land of Toys Inc.,Trucks and Buses,48,13/11/2023
Land of Toys Inc.,Trucks and Buses,49,20/11/2023
Land of Toys Inc.,Trucks and Buses,24,27/11/2023
Land of Toys Inc.,Vintage Cars,33,04/12/2023
Land of Toys Inc.,Vintage Cars,40,11/12/2023
Land of Toys Inc.,Vintage Cars,41,18/12/2023
Land of Toys Inc.,Vintage Cars,34,25/12/2023
Land of Toys Inc.,Vintage Cars,30,01/01/2024
Land of Toys Inc.,Vintage Cars,5,08/01/2024
Land of Toys Inc.,Vintage Cars,38,15/01/2024
Land of Toys Inc.,Vintage Cars,6,22/01/2024
Land of Toys Inc.,Vintage Cars,30,29/01/2024
Land of Toys Inc.,Vintage Cars,32,05/02/2024
Land of Toys Inc.,Vintage Cars,41,12/02/2024
Land of Toys Inc.,Vintage Cars,17,19/02/2024
Land of Toys Inc.,Vintage Cars,33,26/02/2024
Land of Toys Inc.,Vintage Cars,15,04/03/2024
Land of Toys Inc.,Vintage Cars,27,11/03/2024
Land of Toys Inc.,Vintage Cars,17,18/03/2024
Land of Toys Inc.,Vintage Cars,40,25/03/2024
Land of Toys Inc.,Vintage Cars,30,01/04/2024
Land of Toys Inc.,Vintage Cars,49,08/04/2024
Land of Toys Inc.,Vintage Cars,29,15/04/2024
Land of Toys Inc.,Vintage Cars,34,22/04/2024
Land of Toys Inc.,Vintage Cars,30,29/04/2024
Land of Toys Inc.,Vintage Cars,20,06/05/2024
Land of Toys Inc.,Vintage Cars,14,13/05/2024
Land of Toys Inc.,Vintage Cars,18,20/05/2024
Land of Toys Inc.,Vintage Cars,3,27/05/2024
Land of Toys Inc.,Vintage Cars,11,03/06/2024
Land of Toys Inc.,Vintage Cars,49,10/06/2024
Land of Toys Inc.,Vintage Cars,32,17/06/2024
Land of Toys Inc.,Vintage Cars,21,24/06/2024
Land of Toys Inc.,Vintage Cars,26,01/07/2024
Land of Toys Inc.,Vintage Cars,30,08/07/2024
Land of Toys Inc.,Vintage Cars,31,15/07/2024
Land of Toys Inc.,Vintage Cars,33,22/07/2024
Land of Toys Inc.,Vintage Cars,12,29/07/2024
Land of Toys Inc.,Vintage Cars,8,05/08/2024
Land of Toys Inc.,Vintage Cars,47,12/08/2024
Land of Toys Inc.,Vintage Cars,38,19/08/2024
Land of Toys Inc.,Vintage Cars,38,26/08/2024
Land of Toys Inc.,Vintage Cars,17,02/09/2024
Land of Toys Inc.,Vintage Cars,2,09/09/2024
Land of Toys Inc.,Vintage Cars,50,16/09/2024
Land of Toys Inc.,Vintage Cars,26,23/09/2024
Land of Toys Inc.,Vintage Cars,1,30/09/2024
Land of Toys Inc.,Vintage Cars,50,07/10/2024
Land of Toys Inc.,Vintage Cars,46,14/10/2024
Land of Toys Inc.,Vintage Cars,39,21/10/2024
Land of Toys Inc.,Vintage Cars,19,28/10/2024
Land of Toys Inc.,Vintage Cars,1,04/11/2024
Land of Toys Inc.,Vintage Cars,23,11/11/2024
Land of Toys Inc.,Vintage Cars,41,18/11/2024
Land of Toys Inc.,Vintage Cars,8,25/11/2024
Land of Toys Inc.,Vintage Cars,41,02/12/2024
Land of Toys Inc.,Vintage Cars,36,09/12/2024
Land of Toys Inc.,Vintage Cars,47,16/12/2024
Land of Toys Inc.,Vintage Cars,33,23/12/2024
Land of Toys Inc.,Vintage Cars,20,30/12/2024
